"Organ","HR (95% CI)","FDR"
"Adipose","1.15 (0.99-1.34)",0.0803588776854037
"Brain","1.32 (1.13-1.53)",0.0012613352523087
"Cardiovascular","1.34 (1.14-1.58)",0.0012613352523087
"Endocrine","1.23 (1.04-1.46)",0.0263933804748923
"Gastrointestinal","1.37 (1.17-1.61)",0.000723985748229558
"Immune","1.27 (1.10-1.48)",0.00309078252784485
"Kidney and Bladder","1.33 (1.12-1.57)",0.00213886328276199
"Liver","1.36 (1.16-1.59)",0.000723985748229558
"Lung","1.20 (1.04-1.39)",0.0234119953580544
"Muscle","1.08 (0.93-1.24)",0.3290117352938
"Nerve","1.15 (0.99-1.34)",0.0881253731088316
"Ovary","0.92 (0.75-1.13)",0.432220303750449
"Pancreas","1.16 (1.00-1.35)",0.0746053681262564
"Prostate","1.65 (1.29-2.11)",0.000723985748229558
"Skin","1.09 (0.93-1.28)",0.3290117352938
