"Organ","HR (95% CI)","FDR"
"Adipose","1.14 (0.96-1.35)",0.16285348714234
"Brain","1.35 (1.11-1.63)",0.00583734072598986
"Cardiovascular","1.36 (1.12-1.65)",0.00519461649108642
"Endocrine","1.34 (1.11-1.62)",0.00601313408394981
"Gastrointestinal","1.44 (1.18-1.76)",0.0014403296282725
"Immune","1.23 (1.02-1.47)",0.0408473332590002
"Kidney and Bladder","1.37 (1.13-1.66)",0.00519461649108642
"Liver","1.55 (1.26-1.90)",0.000367315463912654
"Lung","1.27 (1.06-1.51)",0.016664367977745
"Muscle","1.18 (1.00-1.39)",0.0604178784462441
"Nerve","1.16 (0.96-1.40)",0.146142534516728
"Ovary","1.04 (0.79-1.38)",0.763524773717359
"Pancreas","1.23 (1.02-1.48)",0.0408473332590002
"Prostate","1.82 (1.36-2.45)",0.000517500920096652
"Skin","1.13 (0.93-1.37)",0.219688953450873
