"Organ","HR (95% CI)","FDR"
"Adipose","1.11 (0.93-1.32)",0.538865433979969
"Brain","1.14 (0.95-1.37)",0.52973100281542
"Cardiovascular","1.26 (1.03-1.56)",0.420053022142946
"Endocrine","1.10 (0.89-1.35)",0.617292064907981
"Gastrointestinal","1.08 (0.89-1.30)",0.620677842875285
"Immune","1.17 (0.98-1.40)",0.52973100281542
"Kidney and Bladder","1.08 (0.88-1.31)",0.620677842875285
"Liver","1.06 (0.88-1.28)",0.638764024955761
"Lung","1.12 (0.94-1.34)",0.52973100281542
"Muscle","1.13 (0.95-1.35)",0.52973100281542
"Nerve","1.11 (0.91-1.35)",0.545065083419235
"Ovary","0.99 (0.76-1.29)",0.95084652167637
"Pancreas","0.95 (0.79-1.14)",0.651559367131685
"Prostate","0.95 (0.72-1.25)",0.750340188796357
"Skin","0.86 (0.72-1.04)",0.52973100281542
