"Organ","HR (95% CI)","FDR"
"Adipose","1.14 (1.06-1.22)",0.000299541647130184
"Brain","1.17 (1.09-1.25)",1.68704955072961e-05
"Cardiovascular","1.27 (1.19-1.35)",1.46365078627676e-11
"Endocrine","1.13 (1.05-1.22)",0.00153098335591245
"Gastrointestinal","1.25 (1.17-1.34)",1.99505337235907e-09
"Immune","1.17 (1.09-1.24)",6.6775223120137e-06
"Kidney and Bladder","1.15 (1.07-1.23)",0.000251281057078622
"Liver","1.20 (1.12-1.29)",7.36661734208921e-07
"Lung","1.15 (1.07-1.24)",0.000208311154683109
"Muscle","1.10 (1.03-1.18)",0.0043212967698189
"Nerve","1.21 (1.13-1.29)",1.24020817670098e-07
"Ovary","1.14 (1.01-1.28)",0.0428314119908464
"Pancreas","1.15 (1.07-1.23)",0.000125849134410361
"Prostate","1.15 (1.05-1.26)",0.00229978634297581
"Skin","1.06 (0.99-1.13)",0.0930475779492724
