"Organ","HR (95% CI)","FDR"
"Adipose","1.08 (1.00-1.16)",0.0664516001027496
"Brain","1.13 (1.05-1.21)",0.00279810145558927
"Cardiovascular","1.11 (1.03-1.19)",0.00996240944067533
"Endocrine","1.09 (1.01-1.17)",0.0353370236682673
"Gastrointestinal","1.13 (1.05-1.22)",0.00279810145558927
"Immune","1.10 (1.03-1.18)",0.00919836544974586
"Kidney and Bladder","1.15 (1.07-1.24)",0.00079849640763098
"Liver","1.16 (1.08-1.25)",0.00042518600764122
"Lung","1.13 (1.05-1.21)",0.00279810145558927
"Muscle","1.01 (0.94-1.08)",0.749736034530441
"Nerve","1.11 (1.03-1.19)",0.00804405456989747
"Ovary","1.19 (1.05-1.36)",0.0127493217498039
"Pancreas","1.03 (0.96-1.10)",0.527403717072113
"Prostate","1.04 (0.95-1.14)",0.519688128339178
"Skin","1.02 (0.95-1.09)",0.705119384241113
