"Organ","HR (95% CI)","FDR"
"Adipose","1.23 (1.04-1.47)",0.0222406963305412
"Brain","1.32 (1.10-1.58)",0.00732577209742426
"Cardiovascular","1.13 (0.93-1.38)",0.244340162836659
"Endocrine","1.33 (1.11-1.58)",0.00732577209742426
"Gastrointestinal","1.39 (1.14-1.68)",0.00659676192138458
"Immune","1.44 (1.23-1.69)",0.000113894753165839
"Kidney and Bladder","1.30 (1.10-1.55)",0.00732577209742426
"Liver","1.34 (1.08-1.65)",0.0123617342281102
"Lung","1.29 (1.07-1.56)",0.013630802681132
"Muscle","1.21 (1.07-1.37)",0.00732577209742426
"Nerve","1.24 (1.03-1.50)",0.0317339051495609
"Ovary","1.04 (0.78-1.39)",0.782510731619597
"Pancreas","1.30 (1.08-1.58)",0.0123617342281102
"Prostate","1.36 (1.09-1.70)",0.0123617342281102
"Skin","1.10 (0.89-1.36)",0.396826016590758
