"Organ","HR (95% CI)","FDR"
"Adipose","1.10 (1.04-1.16)",0.000547659116176913
"Brain","1.11 (1.06-1.17)",2.154846692956e-05
"Cardiovascular","1.17 (1.12-1.23)",5.50250350952023e-10
"Endocrine","1.15 (1.10-1.21)",3.56339175651574e-08
"Gastrointestinal","1.13 (1.08-1.19)",9.90094401446106e-07
"Immune","1.14 (1.08-1.19)",1.90442971749502e-07
"Kidney and Bladder","1.18 (1.12-1.24)",3.12728420323163e-10
"Liver","1.15 (1.10-1.21)",4.45097472783818e-08
"Lung","1.08 (1.03-1.13)",0.00365309387251517
"Muscle","1.05 (1.00-1.10)",0.0606916720869643
"Nerve","1.15 (1.09-1.21)",6.94496530934147e-08
"Ovary","1.03 (0.97-1.10)",0.328758514315724
"Pancreas","1.09 (1.04-1.15)",0.000724273956308944
"Prostate","1.06 (0.99-1.13)",0.118928853232607
"Skin","1.03 (0.98-1.08)",0.208645904970123
