"Organ","Effect (95% CI)","FDR"
"Adipose","1.12 (1.04-1.21)",0.00907248444702033
"Brain","1.13 (1.06-1.21)",0.00170698902226168
"Cardiovascular","1.11 (1.04-1.19)",0.00465372354429273
"Endocrine","1.11 (1.04-1.19)",0.00474781256325871
"Gastrointestinal","1.14 (1.07-1.21)",0.000354755166074334
"Immune","1.17 (1.10-1.25)",9.72375722370921e-06
"Kidney And Bladder","1.14 (1.07-1.21)",0.00031003098571645
"Liver","1.10 (1.03-1.18)",0.0106802662822684
"Lung","1.06 (0.99-1.14)",0.13992696958101
"Muscle","1.07 (1.00-1.13)",0.0792459268581846
"Nerve","1.06 (0.99-1.14)",0.13992696958101
"Ovary","1.08 (0.97-1.19)",0.172208230034748
"Pancreas","1.05 (0.98-1.13)",0.17728383196586
"Prostate","1.03 (0.92-1.16)",0.568257866502606
"Skin","1.06 (0.99-1.15)",0.140169600884482
