"Organ","OR (95% CI)","FDR"
"Kidney and Bladder","1.33 (1.18-1.51)",3.21949154840454e-05
"Lung","1.17 (1.04-1.31)",0.019839831410888
