"Organ","Effect (95% CI)","FDR"
"Adipose","1.01 (0.92-1.11)",0.871114744219376
"Brain","1.05 (0.96-1.15)",0.440803556341347
"Cardiovascular","1.13 (1.02-1.24)",0.0691913002208458
"Endocrine","1.07 (1.00-1.15)",0.148007774315602
"Gastrointestinal","1.12 (1.03-1.22)",0.0665082508240892
"Immune","1.10 (1.01-1.19)",0.100759996469447
"Kidney And Bladder","1.13 (1.04-1.23)",0.0446511350102231
"Liver","1.11 (1.01-1.22)",0.100759996469447
"Lung","1.07 (0.99-1.15)",0.20906080663477
"Muscle","0.98 (0.90-1.06)",0.721401583332154
"Nerve","1.09 (0.99-1.20)",0.192538782380606
"Ovary","1.03 (0.98-1.08)",0.443757800617353
"Pancreas","1.02 (0.95-1.10)",0.688511820321051
"Prostate","0.92 (0.77-1.11)",0.52034934804445
"Skin","1.00 (0.90-1.09)",0.920367094145025
