"Organ","Effect (95% CI)","FDR"
"Adipose","1.11 (1.00-1.23)",0.0792293817319202
"Brain","1.18 (1.09-1.28)",0.000300919659319714
"Cardiovascular","1.13 (1.04-1.24)",0.0096930054978101
"Endocrine","1.07 (1.00-1.15)",0.0792293817319202
"Gastrointestinal","1.23 (1.13-1.35)",3.5903301730617e-05
"Immune","1.17 (1.08-1.28)",0.000706873223374542
"Kidney And Bladder","1.11 (1.02-1.19)",0.0159208453082823
"Liver","1.12 (1.03-1.22)",0.0159208453082823
"Lung","1.15 (1.04-1.27)",0.0096930054978101
"Muscle","1.07 (0.98-1.15)",0.143450504685425
"Nerve","1.17 (1.07-1.28)",0.00230394168365087
"Ovary","1.06 (0.98-1.15)",0.172631666417903
"Pancreas","1.02 (0.96-1.10)",0.502103289765681
"Prostate","1.10 (0.95-1.27)",0.205538733313052
"Skin","1.14 (1.04-1.24)",0.0096930054978101
