"Organ","Effect (95% CI)","FDR"
"Adipose","1.13 (1.00-1.27)",0.301150383551866
"Brain","0.94 (0.84-1.06)",0.609392797517814
"Cardiovascular","1.02 (0.89-1.15)",0.906250602868341
"Endocrine","1.01 (0.88-1.15)",0.906250602868341
"Gastrointestinal","1.08 (0.96-1.21)",0.505417409252262
"Immune","1.10 (0.99-1.22)",0.301150383551866
"Kidney And Bladder","1.05 (0.92-1.19)",0.768568345095353
"Liver","1.12 (0.99-1.26)",0.301150383551866
"Lung","1.09 (0.97-1.23)",0.434467224735404
"Muscle","1.07 (0.96-1.19)",0.519226012652128
"Nerve","1.01 (0.90-1.14)",0.906250602868341
"Ovary","1.01 (0.89-1.15)",0.906250602868341
"Pancreas","1.01 (0.91-1.13)",0.906250602868341
"Prostate","1.03 (0.81-1.32)",0.906250602868341
"Skin","1.11 (0.99-1.25)",0.301150383551866
