"Organ","HR (95% CI)","FDR"
"Adipose","1.05 (0.90-1.23)",0.543616724546044
"Brain","1.20 (1.02-1.42)",0.0767152473219679
"Cardiovascular","1.30 (1.10-1.54)",0.0108250992325435
"Endocrine","1.18 (1.00-1.38)",0.0941268889939167
"Gastrointestinal","1.25 (1.06-1.47)",0.0251589817261925
"Immune","1.17 (1.00-1.36)",0.0941268889939167
"Kidney and Bladder","1.19 (1.02-1.40)",0.0767152473219679
"Liver","1.33 (1.13-1.56)",0.00553631985929279
"Lung","1.12 (0.96-1.30)",0.199029215346198
"Muscle","1.15 (0.99-1.33)",0.116439763053737
"Nerve","1.09 (0.93-1.27)",0.371820529947094
"Ovary","1.09 (0.85-1.39)",0.543616724546044
"Pancreas","1.14 (0.97-1.33)",0.167480081358703
"Prostate","1.52 (1.19-1.94)",0.00553631985929279
"Skin","1.05 (0.89-1.23)",0.593058379038865
