"Organ","HR (95% CI)","FDR"
"Adipose","1.17 (1.01-1.36)",0.0400014767933028
"Brain","1.34 (1.15-1.56)",0.000288000749701572
"Cardiovascular","1.62 (1.36-1.92)",5.86856792598195e-07
"Endocrine","1.49 (1.26-1.76)",9.20524294937443e-06
"Gastrointestinal","1.43 (1.23-1.67)",1.80964245999372e-05
"Immune","1.51 (1.29-1.77)",1.72479843434801e-06
"Kidney and Bladder","1.59 (1.34-1.88)",5.86856792598195e-07
"Liver","1.43 (1.22-1.68)",3.53288558036979e-05
"Lung","1.32 (1.14-1.53)",0.000508231722885133
"Muscle","1.25 (1.07-1.45)",0.00725953341484512
"Nerve","1.29 (1.11-1.51)",0.00213118903317615
"Ovary","1.22 (0.96-1.55)",0.0980967885056874
"Pancreas","1.21 (1.04-1.41)",0.0151610072016351
"Prostate","1.26 (1.01-1.57)",0.0444932697026708
"Skin","1.24 (1.06-1.44)",0.00836800110864872
