"Organ","Effect (95% CI)","FDR"
"Adipose","1.11 (1.01-1.22)",0.036694653417199
"Brain","1.35 (1.24-1.47)",3.05943454364815e-11
"Cardiovascular","1.14 (1.04-1.25)",0.0128041938069482
"Endocrine","1.26 (1.14-1.39)",2.86176508550473e-05
"Gastrointestinal","1.19 (1.09-1.31)",0.000724115987456445
"Immune","1.17 (1.06-1.29)",0.00481940245542586
"Kidney And Bladder","1.26 (1.14-1.39)",1.68696954320482e-05
"Liver","1.14 (1.05-1.25)",0.00849837459870496
"Lung","1.13 (1.03-1.24)",0.0206177294990787
"Muscle","1.08 (1.02-1.15)",0.0206177294990787
"Nerve","1.13 (1.03-1.23)",0.017351616664181
"Ovary","1.12 (1.00-1.27)",0.0720114532775685
"Pancreas","1.08 (0.98-1.18)",0.133788287965999
"Prostate","1.00 (0.89-1.12)",0.953503977131808
"Skin","1.04 (0.96-1.14)",0.366222149922823
