"Organ","Effect (95% CI)","FDR"
"Adipose","1.06 (1.00-1.12)",0.0670541953114858
"Brain","1.07 (1.01-1.13)",0.0330033988229823
"Cardiovascular","1.10 (1.04-1.17)",0.00576446290954726
"Endocrine","1.09 (1.02-1.16)",0.028740920189343
"Gastrointestinal","1.06 (1.01-1.12)",0.0540084623343873
"Immune","1.08 (1.02-1.14)",0.0323123742610172
"Kidney And Bladder","1.15 (1.08-1.22)",0.000127292535825333
"Liver","1.07 (1.01-1.13)",0.0473911713399927
"Lung","1.03 (0.98-1.09)",0.263557443355963
"Muscle","1.06 (1.02-1.11)",0.0236868917471761
"Nerve","1.04 (0.99-1.10)",0.162805837693872
"Ovary","1.04 (0.93-1.17)",0.505236547080051
"Pancreas","1.04 (0.98-1.09)",0.262342462399013
"Prostate","1.09 (1.03-1.16)",0.0236868917471761
"Skin","1.06 (1.00-1.12)",0.0670541953114858
