"Organ","HR (95% CI)","FDR"
"Adipose","1.09 (0.99-1.20)",0.122494221827238
"Brain","1.17 (1.08-1.27)",0.000814240264674739
"Cardiovascular","1.13 (1.04-1.24)",0.0143877017060383
"Endocrine","1.13 (1.02-1.24)",0.0268645986387396
"Gastrointestinal","1.14 (1.04-1.25)",0.0125002524121521
"Immune","1.10 (1.01-1.20)",0.0619217530025881
"Kidney and Bladder","1.22 (1.11-1.34)",0.000474073225977063
"Liver","1.18 (1.09-1.29)",0.000729689560272268
"Lung","1.15 (1.05-1.25)",0.00786175419893161
"Muscle","1.01 (0.93-1.10)",0.823024923474272
"Nerve","1.15 (1.05-1.26)",0.00635994127797277
"Ovary","1.18 (0.97-1.43)",0.126664519709631
"Pancreas","1.02 (0.93-1.11)",0.758472064916812
"Prostate","1.04 (0.94-1.16)",0.543088832073343
"Skin","1.03 (0.94-1.13)",0.643016709112327
