"Organ","HR (95% CI)","FDR"
"Adipose","1.12 (0.99-1.25)",0.102201351516305
"Brain","1.41 (1.27-1.57)",3.94716304082773e-09
"Cardiovascular","1.14 (1.02-1.28)",0.0492980851348595
"Endocrine","1.27 (1.12-1.44)",0.00092422091770396
"Gastrointestinal","1.18 (1.05-1.32)",0.0173990863009567
"Immune","1.17 (1.04-1.32)",0.0221723539524599
"Kidney and Bladder","1.24 (1.11-1.40)",0.00129659927319619
"Liver","1.14 (1.02-1.28)",0.0492980851348595
"Lung","1.10 (0.97-1.24)",0.173218393750775
"Muscle","1.04 (0.96-1.13)",0.357824922645397
"Nerve","1.20 (1.07-1.34)",0.00484686127182622
"Ovary","1.15 (0.98-1.34)",0.128161386586152
"Pancreas","1.06 (0.95-1.18)",0.357824922645397
"Prostate","1.04 (0.91-1.20)",0.551771750639417
"Skin","1.05 (0.93-1.17)",0.4661555708962
