"Organ","HR (95% CI)","FDR"
"Adipose","1.14 (1.03-1.26)",0.0182852146662038
"Brain","1.24 (1.13-1.37)",1.4259440975725e-05
"Cardiovascular","1.47 (1.34-1.62)",6.20559045022257e-14
"Endocrine","1.28 (1.16-1.40)",1.94089821090378e-06
"Gastrointestinal","1.31 (1.18-1.44)",2.78987971608473e-07
"Immune","1.23 (1.11-1.35)",9.06404506143107e-05
"Kidney and Bladder","1.36 (1.24-1.50)",8.04234212132209e-10
"Liver","1.36 (1.23-1.50)",2.91904423829172e-09
"Lung","1.17 (1.06-1.28)",0.00201111202595203
"Muscle","1.14 (1.06-1.23)",0.000958670350459868
"Nerve","1.28 (1.16-1.42)",2.57716497388988e-06
"Ovary","1.23 (1.04-1.45)",0.0212844851730616
"Pancreas","1.12 (1.02-1.23)",0.025383377910447
"Prostate","1.03 (0.93-1.14)",0.557350830082794
"Skin","1.06 (0.97-1.17)",0.213992128884409
