"Organ","HR (95% CI)","FDR"
"Adipose","1.00 (0.90-1.11)",0.970545061852193
"Brain","1.16 (1.05-1.29)",0.00838237824679735
"Cardiovascular","1.22 (1.10-1.34)",0.0011524071479296
"Endocrine","1.17 (1.06-1.29)",0.00552137914002511
"Gastrointestinal","1.19 (1.08-1.31)",0.00178608668752384
"Immune","1.13 (1.03-1.24)",0.0204567641178858
"Kidney and Bladder","1.21 (1.09-1.33)",0.00132005280086645
"Liver","1.11 (1.01-1.23)",0.0568862857780631
"Lung","1.03 (0.92-1.15)",0.691278043766674
"Muscle","1.04 (0.96-1.13)",0.425776934394831
"Nerve","1.10 (1.00-1.21)",0.0940381259085419
"Ovary","1.17 (1.00-1.36)",0.0795184480134533
"Pancreas","1.08 (0.99-1.18)",0.128687633833088
"Prostate","1.14 (1.02-1.27)",0.0513872506879263
"Skin","1.02 (0.93-1.12)",0.718909316522602
