"Organ","OR (95% CI)","FDR"
"Kidney and Bladder","1.22 (0.96-1.54)",0.316997483237857
"Lung","1.10 (0.88-1.37)",0.552161426002731
