"Organ","OR (95% CI)","FDR"
"Kidney and Bladder","1.34 (1.19-1.52)",2.23167529712629e-05
"Lung","1.14 (1.02-1.28)",0.0494327086632224
