"Organ","HR (95% CI)","FDR"
"Adipose","1.16 (0.98-1.39)",0.114723347171384
"Brain","1.28 (1.07-1.52)",0.013132888758828
"Cardiovascular","1.16 (0.96-1.41)",0.135877175990664
"Endocrine","1.29 (1.08-1.53)",0.013132888758828
"Gastrointestinal","1.29 (1.08-1.55)",0.013132888758828
"Immune","1.39 (1.19-1.64)",0.000873295704001039
"Kidney and Bladder","1.29 (1.10-1.52)",0.0102735627888314
"Liver","1.24 (0.99-1.55)",0.078499562881211
"Lung","1.21 (1.00-1.46)",0.078499562881211
"Muscle","1.20 (1.07-1.35)",0.0102735627888314
"Nerve","1.21 (1.01-1.46)",0.0690260363822847
"Ovary","1.00 (0.78-1.29)",0.969780030729124
"Pancreas","1.23 (1.01-1.49)",0.0687300778965231
"Prostate","1.37 (1.10-1.71)",0.013132888758828
"Skin","1.14 (0.93-1.40)",0.212976473488355
