"Organ","HR (95% CI)","FDR"
"Adipose","1.09 (0.99-1.21)",0.0764733066977456
"Brain","1.23 (1.14-1.32)",1.53486329663665e-07
"Cardiovascular","1.27 (1.18-1.37)",2.40167447346132e-09
"Endocrine","1.26 (1.17-1.36)",1.05667626294672e-08
"Gastrointestinal","1.26 (1.18-1.36)",1.53210953435024e-09
"Immune","1.20 (1.12-1.29)",2.0028933255128e-06
"Kidney and Bladder","1.30 (1.21-1.40)",7.66164755200178e-12
"Liver","1.16 (1.07-1.25)",0.000359914310498199
"Lung","1.09 (0.99-1.20)",0.0728439472275518
"Muscle","1.08 (1.01-1.16)",0.0244717085055936
"Nerve","1.13 (1.04-1.22)",0.00920355485496364
"Ovary","1.11 (1.00-1.24)",0.066097727697784
"Pancreas","1.14 (1.06-1.23)",0.000780810336111791
"Prostate","1.14 (1.03-1.27)",0.0174613634118162
"Skin","1.11 (1.03-1.21)",0.0114250492941902
