"Organ","Effect (95% CI)","FDR"
"Adipose","1.03 (1.00-1.07)",0.406491884895546
"Brain","1.00 (0.97-1.04)",0.942819614059036
"Cardiovascular","1.01 (0.98-1.05)",0.835714423911353
"Endocrine","1.02 (0.99-1.06)",0.522005915197195
"Gastrointestinal","1.03 (1.00-1.07)",0.406491884895546
"Immune","1.02 (0.98-1.06)",0.586201801080285
"Kidney And Bladder","1.03 (0.99-1.06)",0.517985709760326
"Liver","1.01 (0.97-1.04)",0.90284740301097
"Lung","1.01 (0.98-1.05)",0.833088925624478
"Muscle","1.00 (0.96-1.03)",0.942819614059036
"Nerve","1.01 (0.97-1.04)",0.90284740301097
"Ovary","1.04 (0.99-1.10)",0.427607387541584
"Pancreas","1.00 (0.97-1.03)",0.973167427732784
"Prostate","1.01 (0.95-1.08)",0.90284740301097
"Skin","1.05 (1.02-1.09)",0.0684912845083223
