"Organ","Effect (95% CI)","FDR"
"Adipose","1.09 (0.95-1.23)",0.230008417228775
"Brain","1.18 (1.03-1.35)",0.0279950108481153
"Cardiovascular","1.28 (1.13-1.46)",0.000883271846696541
"Endocrine","1.21 (1.07-1.37)",0.00516791622299853
"Gastrointestinal","1.31 (1.13-1.52)",0.000934079563635174
"Immune","1.31 (1.16-1.48)",0.000224068022535482
"Kidney And Bladder","1.31 (1.15-1.49)",0.000457130068390301
"Liver","1.18 (1.03-1.36)",0.0279950108481153
"Lung","1.20 (1.02-1.41)",0.0378473499900223
"Muscle","1.11 (1.00-1.23)",0.0636042376820947
"Nerve","1.22 (1.05-1.43)",0.0213900975426766
"Ovary","1.24 (1.02-1.52)",0.0433405120676539
"Pancreas","1.25 (1.11-1.41)",0.000934079563635174
"Prostate","1.27 (1.11-1.44)",0.000934079563635174
"Skin","1.04 (0.92-1.17)",0.542074159331608
