"Organ","Effect (95% CI)","FDR"
"Adipose","1.13 (1.03-1.24)",0.0107294929432346
"Brain","1.15 (1.06-1.25)",0.00197559048493379
"Cardiovascular","1.21 (1.12-1.30)",4.53343840586429e-06
"Endocrine","1.14 (1.06-1.24)",0.00183969802260011
"Gastrointestinal","1.12 (1.03-1.22)",0.0089751246159429
"Immune","1.24 (1.15-1.34)",5.52167018061905e-07
"Kidney And Bladder","1.15 (1.07-1.25)",0.00109624940075841
"Liver","1.21 (1.13-1.31)",2.5169890226905e-06
"Lung","1.17 (1.08-1.27)",0.000477556804793697
"Muscle","1.08 (1.01-1.16)",0.0319536786160353
"Nerve","1.23 (1.14-1.34)",1.7274531224587e-06
"Ovary","1.09 (0.98-1.21)",0.134420271517258
"Pancreas","1.06 (0.98-1.14)",0.170757140338153
"Prostate","1.15 (1.03-1.27)",0.0167661618505423
"Skin","1.07 (0.98-1.17)",0.127757056796063
