"Organ","Effect (95% CI)","FDR"
"Adipose","1.22 (1.12-1.34)",0.00012099659211241
"Brain","1.15 (1.05-1.26)",0.00316244618436423
"Cardiovascular","1.25 (1.14-1.38)",4.5801083634197e-05
"Endocrine","1.14 (1.03-1.26)",0.0130772083381053
"Gastrointestinal","1.20 (1.09-1.33)",0.000624534474994404
"Immune","1.19 (1.09-1.29)",0.000295368929828132
"Kidney And Bladder","1.18 (1.07-1.30)",0.000838619892567209
"Liver","1.20 (1.09-1.32)",0.000303791075102614
"Lung","1.12 (1.02-1.23)",0.0171407868344915
"Muscle","1.16 (1.07-1.26)",0.000838619892567209
"Nerve","1.19 (1.08-1.30)",0.000502522134515138
"Ovary","1.06 (0.94-1.19)",0.353510910012998
"Pancreas","1.04 (0.96-1.13)",0.326487102936144
"Prostate","1.27 (1.13-1.43)",0.000303791075102614
"Skin","1.18 (1.08-1.29)",0.000646785880148605
