"Organ","Effect (95% CI)","FDR"
"Adipose","1.09 (1.01-1.19)",0.0899973189453702
"Brain","1.10 (1.02-1.18)",0.0665170769289447
"Cardiovascular","1.07 (1.00-1.15)",0.113799936368207
"Endocrine","1.08 (1.00-1.16)",0.0899973189453702
"Gastrointestinal","1.10 (1.02-1.18)",0.0628150207354084
"Immune","1.16 (1.08-1.24)",0.000414529584051324
"Kidney And Bladder","1.09 (1.01-1.16)",0.0665170769289447
"Liver","1.08 (1.00-1.16)",0.0975300728758082
"Lung","1.04 (0.96-1.12)",0.516581964117779
"Muscle","1.01 (0.94-1.08)",0.82092951787952
"Nerve","1.03 (0.95-1.11)",0.622847810793849
"Ovary","1.04 (0.94-1.16)",0.559934920101494
"Pancreas","1.02 (0.95-1.10)",0.627605558199048
"Prostate","1.08 (0.96-1.21)",0.349873633693576
"Skin","1.01 (0.94-1.10)",0.78431812095765
