"Organ","Effect (95% CI)","FDR"
"Adipose","1.20 (1.02-1.41)",0.0416701944349752
"Brain","1.33 (1.15-1.54)",0.000305536659453667
"Cardiovascular","1.41 (1.22-1.64)",1.43651695616546e-05
"Endocrine","1.27 (1.08-1.48)",0.00564579847168067
"Gastrointestinal","1.24 (1.08-1.43)",0.00564579847168067
"Immune","1.30 (1.14-1.49)",0.000305536659453667
"Kidney And Bladder","1.42 (1.24-1.63)",3.27126031574215e-06
"Liver","1.23 (1.04-1.47)",0.0254634924192105
"Lung","1.11 (0.95-1.29)",0.17186137577337
"Muscle","1.18 (1.04-1.34)",0.0184732976793165
"Nerve","1.33 (1.14-1.55)",0.000812432054301633
"Ovary","1.18 (0.94-1.48)",0.160722870612898
"Pancreas","1.15 (1.00-1.33)",0.0583513782627879
"Prostate","1.71 (1.41-2.07)",1.00219228176469e-06
"Skin","1.16 (1.00-1.35)",0.0583513782627879
