"Organ","OR (95% CI)","FDR"
"Kidney and Bladder","1.22 (0.96-1.55)",0.316753316853486
"Lung","1.08 (0.87-1.35)",0.660587398868232
