"Organ","Effect (95% CI)","FDR"
"Adipose","1.06 (0.87-1.28)",0.765588798492203
"Brain","1.09 (0.94-1.26)",0.756798662430428
"Cardiovascular","1.11 (0.92-1.34)",0.756798662430428
"Endocrine","1.05 (0.94-1.18)",0.756798662430428
"Gastrointestinal","1.06 (0.89-1.26)",0.765588798492203
"Immune","1.14 (1.00-1.30)",0.756798662430428
"Kidney And Bladder","1.05 (0.92-1.20)",0.765588798492203
"Liver","0.96 (0.81-1.14)",0.765588798492203
"Lung","1.08 (0.94-1.23)",0.756798662430428
"Muscle","0.91 (0.80-1.04)",0.756798662430428
"Nerve","1.05 (0.88-1.26)",0.765588798492203
"Ovary","1.08 (0.94-1.24)",0.756798662430428
"Pancreas","1.00 (0.88-1.12)",0.956156954477458
"Prostate","0.93 (0.64-1.35)",0.765588798492203
"Skin","0.96 (0.81-1.14)",0.765588798492203
