"Organ","Effect (95% CI)","FDR"
"Adipose","1.06 (0.95-1.19)",0.416090979533952
"Brain","1.14 (1.02-1.27)",0.0730056056107652
"Cardiovascular","1.20 (1.06-1.36)",0.0187357113400286
"Endocrine","1.13 (1.00-1.27)",0.11427149477697
"Gastrointestinal","1.20 (1.08-1.34)",0.00904950690896069
"Immune","1.05 (0.94-1.16)",0.505420606643955
"Kidney And Bladder","1.25 (1.11-1.41)",0.00338367003832421
"Liver","1.11 (0.98-1.24)",0.169862431563368
"Lung","1.11 (0.99-1.26)",0.165515408625009
"Muscle","1.04 (0.93-1.15)",0.552889614744106
"Nerve","1.15 (1.02-1.30)",0.0730056056107652
"Ovary","1.11 (0.90-1.37)",0.44249321446299
"Pancreas","1.01 (0.91-1.13)",0.85582465080293
"Prostate","1.00 (0.84-1.20)",0.994776546428883
"Skin","1.07 (0.96-1.20)",0.354378958695657
