"Organ","Effect (95% CI)","FDR"
"Adipose","1.05 (0.99-1.11)",0.0820222563367169
"Brain","1.13 (1.07-1.19)",2.49515302622105e-05
"Cardiovascular","1.09 (1.03-1.15)",0.00422042865036524
"Endocrine","1.07 (1.01-1.13)",0.0387259439657401
"Gastrointestinal","1.18 (1.12-1.24)",1.51585635613586e-08
"Immune","1.15 (1.09-1.21)",3.84623964688199e-06
"Kidney And Bladder","1.10 (1.04-1.17)",0.00154075774014231
"Liver","1.10 (1.04-1.16)",0.00207783944954979
"Lung","1.09 (1.03-1.16)",0.00421530560555379
"Muscle","1.08 (1.02-1.13)",0.00696090877043627
"Nerve","1.09 (1.04-1.15)",0.00226747010394628
"Ovary","1.12 (1.03-1.21)",0.00696090877043627
"Pancreas","1.05 (0.99-1.11)",0.0820222563367169
"Prostate","1.05 (0.97-1.12)",0.224247696165976
"Skin","1.11 (1.05-1.17)",0.000840796249573222
