"Organ","Effect (95% CI)","FDR"
"Adipose","1.04 (1.00-1.08)",0.159277964268388
"Brain","1.01 (0.98-1.05)",0.602939768726191
"Cardiovascular","1.02 (0.98-1.06)",0.44755342923053
"Endocrine","1.04 (1.00-1.08)",0.159277964268388
"Gastrointestinal","1.05 (1.01-1.09)",0.0690493596659279
"Immune","1.03 (0.99-1.07)",0.255832864492302
"Kidney And Bladder","1.04 (1.00-1.08)",0.159277964268388
"Liver","1.03 (0.99-1.07)",0.247505506818222
"Lung","1.02 (0.98-1.05)",0.550506556894273
"Muscle","1.01 (0.97-1.04)",0.697465716495319
"Nerve","1.02 (0.98-1.05)",0.550506556894273
"Ovary","1.05 (1.00-1.10)",0.17095050121132
"Pancreas","0.99 (0.96-1.03)",0.776430573509661
"Prostate","1.02 (0.96-1.09)",0.602939768726191
"Skin","1.07 (1.03-1.10)",0.0104233026504321
